[{"model": "admin.logentry", "pk": 1, "fields": {"action_time": "2021-07-02T07:28:27.390Z", "user": 1, "content_type": 7, "object_id": "1", "object_repr": "stones_gate.example.com", "action_flag": 2, "change_message": "[{\"changed\": {\"fields\": [\"Domain name\", \"Display name\"]}}]"}}, {"model": "admin.logentry", "pk": 2, "fields": {"action_time": "2021-07-02T07:28:36.536Z", "user": 1, "content_type": 7, "object_id": "1", "object_repr": "stones_gate.example.com", "action_flag": 2, "change_message": "[{\"changed\": {\"fields\": [\"Display name\"]}}]"}}, {"model": "admin.logentry", "pk": 3, "fields": {"action_time": "2021-07-02T07:36:06.783Z", "user": 1, "content_type": 8, "object_id": "1", "object_repr": "valentinelagand@gmail.com", "action_flag": 2, "change_message": "[{\"changed\": {\"fields\": [\"Verified\", \"Primary\"]}}]"}}, {"model": "admin.logentry", "pk": 4, "fields": {"action_time": "2021-07-07T07:45:21.165Z", "user": 1, "content_type": 13, "object_id": "1", "object_repr": "mood_category", "action_flag": 1, "change_message": "[{\"added\": {}}]"}}, {"model": "admin.logentry", "pk": 5, "fields": {"action_time": "2021-07-07T07:45:29.334Z", "user": 1, "content_type": 13, "object_id": "1", "object_repr": "mood_category", "action_flag": 2, "change_message": "[]"}}, {"model": "admin.logentry", "pk": 6, "fields": {"action_time": "2021-07-07T07:46:07.110Z", "user": 1, "content_type": 13, "object_id": "1", "object_repr": "peace_mood_category", "action_flag": 2, "change_message": "[{\"changed\": {\"fields\": [\"Name\"]}}]"}}, {"model": "admin.logentry", "pk": 7, "fields": {"action_time": "2021-07-07T07:46:40.265Z", "user": 1, "content_type": 13, "object_id": "2", "object_repr": "energetic_mood_category", "action_flag": 1, "change_message": "[{\"added\": {}}]"}}, {"model": "admin.logentry", "pk": 8, "fields": {"action_time": "2021-07-07T07:46:44.904Z", "user": 1, "content_type": 13, "object_id": "1", "object_repr": "peace_mood_category", "action_flag": 2, "change_message": "[{\"changed\": {\"fields\": [\"Friendly name\"]}}]"}}, {"model": "admin.logentry", "pk": 9, "fields": {"action_time": "2021-07-07T07:46:57.948Z", "user": 1, "content_type": 13, "object_id": "3", "object_repr": "fun_mood_category", "action_flag": 1, "change_message": "[{\"added\": {}}]"}}, {"model": "admin.logentry", "pk": 10, "fields": {"action_time": "2021-07-07T07:47:12.709Z", "user": 1, "content_type": 13, "object_id": "4", "object_repr": "rings_category", "action_flag": 1, "change_message": "[{\"added\": {}}]"}}, {"model": "admin.logentry", "pk": 11, "fields": {"action_time": "2021-07-07T07:47:22.429Z", "user": 1, "content_type": 13, "object_id": "5", "object_repr": "earings_category", "action_flag": 1, "change_message": "[{\"added\": {}}]"}}, {"model": "admin.logentry", "pk": 12, "fields": {"action_time": "2021-07-07T07:47:25.793Z", "user": 1, "content_type": 13, "object_id": "5", "object_repr": "earings_category", "action_flag": 2, "change_message": "[{\"changed\": {\"fields\": [\"Friendly name\"]}}]"}}, {"model": "admin.logentry", "pk": 13, "fields": {"action_time": "2021-07-07T07:47:35.929Z", "user": 1, "content_type": 13, "object_id": "6", "object_repr": "necklaces_category", "action_flag": 1, "change_message": "[{\"added\": {}}]"}}, {"model": "admin.logentry", "pk": 14, "fields": {"action_time": "2021-07-07T07:47:47.418Z", "user": 1, "content_type": 13, "object_id": "7", "object_repr": "bracelets_category", "action_flag": 1, "change_message": "[{\"added\": {}}]"}}, {"model": "admin.logentry", "pk": 15, "fields": {"action_time": "2021-07-07T07:53:36.154Z", "user": 1, "content_type": 13, "object_id": "3", "object_repr": "fun_mood_category", "action_flag": 3, "change_message": ""}}, {"model": "admin.logentry", "pk": 16, "fields": {"action_time": "2021-07-07T07:53:36.195Z", "user": 1, "content_type": 13, "object_id": "2", "object_repr": "energetic_mood_category", "action_flag": 3, "change_message": ""}}, {"model": "admin.logentry", "pk": 17, "fields": {"action_time": "2021-07-07T07:53:36.221Z", "user": 1, "content_type": 13, "object_id": "1", "object_repr": "peace_mood_category", "action_flag": 3, "change_message": ""}}, {"model": "admin.logentry", "pk": 18, "fields": {"action_time": "2021-07-07T08:00:07.043Z", "user": 1, "content_type": 14, "object_id": "1", "object_repr": "Quartz necklace", "action_flag": 1, "change_message": "[{\"added\": {}}]"}}, {"model": "admin.logentry", "pk": 19, "fields": {"action_time": "2021-07-07T08:01:03.442Z", "user": 1, "content_type": 13, "object_id": "8", "object_repr": "peace_mood_category", "action_flag": 1, "change_message": "[{\"added\": {}}]"}}, {"model": "admin.logentry", "pk": 20, "fields": {"action_time": "2021-07-07T08:01:19.466Z", "user": 1, "content_type": 13, "object_id": "9", "object_repr": "peace_mood_category", "action_flag": 1, "change_message": "[{\"added\": {}}]"}}, {"model": "admin.logentry", "pk": 21, "fields": {"action_time": "2021-07-07T08:28:11.065Z", "user": 1, "content_type": 13, "object_id": "9", "object_repr": "peace_mood_category", "action_flag": 3, "change_message": ""}}, {"model": "admin.logentry", "pk": 22, "fields": {"action_time": "2021-07-07T08:28:11.100Z", "user": 1, "content_type": 13, "object_id": "8", "object_repr": "peace_mood_category", "action_flag": 3, "change_message": ""}}, {"model": "admin.logentry", "pk": 23, "fields": {"action_time": "2021-07-07T08:29:52.285Z", "user": 1, "content_type": 14, "object_id": "2", "object_repr": "Amethyst original earings", "action_flag": 1, "change_message": "[{\"added\": {}}]"}}, {"model": "admin.logentry", "pk": 24, "fields": {"action_time": "2021-07-07T08:31:47.363Z", "user": 1, "content_type": 14, "object_id": "3", "object_repr": "Turquoise handmade necklace", "action_flag": 1, "change_message": "[{\"added\": {}}]"}}, {"model": "admin.logentry", "pk": 25, "fields": {"action_time": "2021-07-07T08:33:16.672Z", "user": 1, "content_type": 14, "object_id": "4", "object_repr": "Garnet necklace purificator", "action_flag": 1, "change_message": "[{\"added\": {}}]"}}, {"model": "admin.logentry", "pk": 26, "fields": {"action_time": "2021-07-07T08:35:12.456Z", "user": 1, "content_type": 14, "object_id": "5", "object_repr": "Lapis Lazuli necklace", "action_flag": 1, "change_message": "[{\"added\": {}}]"}}, {"model": "admin.logentry", "pk": 27, "fields": {"action_time": "2021-07-07T08:36:03.364Z", "user": 1, "content_type": 14, "object_id": "6", "object_repr": "Lapis Lazuli colorful necklace", "action_flag": 1, "change_message": "[{\"added\": {}}]"}}, {"model": "admin.logentry", "pk": 28, "fields": {"action_time": "2021-07-07T08:37:48.557Z", "user": 1, "content_type": 14, "object_id": "7", "object_repr": "Colorful necklace", "action_flag": 1, "change_message": "[{\"added\": {}}]"}}, {"model": "admin.logentry", "pk": 29, "fields": {"action_time": "2021-07-07T08:39:02.062Z", "user": 1, "content_type": 14, "object_id": "8", "object_repr": "Bull stone bracelet", "action_flag": 1, "change_message": "[{\"added\": {}}]"}}, {"model": "admin.logentry", "pk": 30, "fields": {"action_time": "2021-07-07T08:39:39.221Z", "user": 1, "content_type": 14, "object_id": "9", "object_repr": "Bull stone bracelet", "action_flag": 1, "change_message": "[{\"added\": {}}]"}}, {"model": "admin.logentry", "pk": 31, "fields": {"action_time": "2021-07-07T08:40:36.328Z", "user": 1, "content_type": 14, "object_id": "10", "object_repr": "Original halloween earings", "action_flag": 1, "change_message": "[{\"added\": {}}]"}}, {"model": "admin.logentry", "pk": 32, "fields": {"action_time": "2021-07-07T08:41:30.262Z", "user": 1, "content_type": 14, "object_id": "11", "object_repr": "Amethyst original bracelet", "action_flag": 1, "change_message": "[{\"added\": {}}]"}}, {"model": "admin.logentry", "pk": 33, "fields": {"action_time": "2021-07-07T08:42:20.455Z", "user": 1, "content_type": 14, "object_id": "12", "object_repr": "Bull eye necklace", "action_flag": 1, "change_message": "[{\"added\": {}}]"}}, {"model": "admin.logentry", "pk": 34, "fields": {"action_time": "2021-07-07T08:42:53.282Z", "user": 1, "content_type": 14, "object_id": "13", "object_repr": "Bull eye flower necklace", "action_flag": 1, "change_message": "[{\"added\": {}}]"}}, {"model": "admin.logentry", "pk": 35, "fields": {"action_time": "2021-07-07T08:43:35.399Z", "user": 1, "content_type": 14, "object_id": "14", "object_repr": "Lapis Lazuli necklace", "action_flag": 1, "change_message": "[{\"added\": {}}]"}}, {"model": "admin.logentry", "pk": 36, "fields": {"action_time": "2021-07-07T08:44:27.079Z", "user": 1, "content_type": 14, "object_id": "15", "object_repr": "Lapis Lazuli celtic necklace", "action_flag": 1, "change_message": "[{\"added\": {}}]"}}, {"model": "admin.logentry", "pk": 37, "fields": {"action_time": "2021-07-07T08:45:17.255Z", "user": 1, "content_type": 14, "object_id": "16", "object_repr": "Quart celtic necklace", "action_flag": 1, "change_message": "[{\"added\": {}}]"}}, {"model": "admin.logentry", "pk": 38, "fields": {"action_time": "2021-07-07T08:45:45.372Z", "user": 1, "content_type": 14, "object_id": "17", "object_repr": "Elegant quartz necklace", "action_flag": 1, "change_message": "[{\"added\": {}}]"}}, {"model": "admin.logentry", "pk": 39, "fields": {"action_time": "2021-07-07T08:46:35.753Z", "user": 1, "content_type": 14, "object_id": "18", "object_repr": "Quartz beaufitul necklace", "action_flag": 1, "change_message": "[{\"added\": {}}]"}}, {"model": "admin.logentry", "pk": 40, "fields": {"action_time": "2021-07-07T08:47:07.329Z", "user": 1, "content_type": 14, "object_id": "19", "object_repr": "Colorful earings", "action_flag": 1, "change_message": "[{\"added\": {}}]"}}, {"model": "admin.logentry", "pk": 41, "fields": {"action_time": "2021-07-07T08:47:47.740Z", "user": 1, "content_type": 14, "object_id": "20", "object_repr": "Bull eye tree necklace", "action_flag": 1, "change_message": "[{\"added\": {}}]"}}, {"model": "admin.logentry", "pk": 42, "fields": {"action_time": "2021-07-07T08:48:35.675Z", "user": 1, "content_type": 14, "object_id": "21", "object_repr": "Quartz bracelets", "action_flag": 1, "change_message": "[{\"added\": {}}]"}}, {"model": "admin.logentry", "pk": 43, "fields": {"action_time": "2021-07-07T08:49:13.994Z", "user": 1, "content_type": 14, "object_id": "22", "object_repr": "Red bracelet", "action_flag": 1, "change_message": "[{\"added\": {}}]"}}, {"model": "admin.logentry", "pk": 44, "fields": {"action_time": "2021-07-07T08:50:09.845Z", "user": 1, "content_type": 14, "object_id": "23", "object_repr": "Lapi", "action_flag": 1, "change_message": "[{\"added\": {}}]"}}, {"model": "admin.logentry", "pk": 45, "fields": {"action_time": "2021-07-07T08:50:57.500Z", "user": 1, "content_type": 14, "object_id": "24", "object_repr": "Bull eye flower necklace", "action_flag": 1, "change_message": "[{\"added\": {}}]"}}, {"model": "admin.logentry", "pk": 46, "fields": {"action_time": "2021-07-07T08:51:06.383Z", "user": 1, "content_type": 14, "object_id": "23", "object_repr": "Lapis Lazuli necklace", "action_flag": 2, "change_message": "[{\"changed\": {\"fields\": [\"Name\"]}}]"}}, {"model": "admin.logentry", "pk": 47, "fields": {"action_time": "2021-07-07T08:51:51.833Z", "user": 1, "content_type": 14, "object_id": "25", "object_repr": "Amethyst original necklace", "action_flag": 1, "change_message": "[{\"added\": {}}]"}}, {"model": "admin.logentry", "pk": 48, "fields": {"action_time": "2021-07-07T08:52:31.484Z", "user": 1, "content_type": 14, "object_id": "26", "object_repr": "Cat original necklace", "action_flag": 1, "change_message": "[{\"added\": {}}]"}}, {"model": "admin.logentry", "pk": 49, "fields": {"action_time": "2021-07-07T08:53:23.635Z", "user": 1, "content_type": 14, "object_id": "27", "object_repr": "Colorful bracelets", "action_flag": 1, "change_message": "[{\"added\": {}}]"}}, {"model": "admin.logentry", "pk": 50, "fields": {"action_time": "2021-07-07T08:54:05.932Z", "user": 1, "content_type": 14, "object_id": "28", "object_repr": "Colorful and peaceful bracelet", "action_flag": 1, "change_message": "[{\"added\": {}}]"}}, {"model": "admin.logentry", "pk": 51, "fields": {"action_time": "2021-07-07T08:54:40.465Z", "user": 1, "content_type": 14, "object_id": "29", "object_repr": "Amethyst original bracelet", "action_flag": 1, "change_message": "[{\"added\": {}}]"}}, {"model": "admin.logentry", "pk": 52, "fields": {"action_time": "2021-07-07T08:55:21.964Z", "user": 1, "content_type": 14, "object_id": "30", "object_repr": "Romantic bracelet", "action_flag": 1, "change_message": "[{\"added\": {}}]"}}, {"model": "admin.logentry", "pk": 53, "fields": {"action_time": "2021-07-07T08:58:20.518Z", "user": 1, "content_type": 13, "object_id": "4", "object_repr": "rings_category", "action_flag": 3, "change_message": ""}}, {"model": "admin.logentry", "pk": 54, "fields": {"action_time": "2021-07-07T09:27:33.349Z", "user": 1, "content_type": 14, "object_id": "7", "object_repr": "Colorful necklace", "action_flag": 2, "change_message": "[{\"changed\": {\"fields\": [\"Image\"]}}]"}}, {"model": "admin.logentry", "pk": 55, "fields": {"action_time": "2021-07-07T11:36:49.786Z", "user": 1, "content_type": 15, "object_id": "1", "object_repr": "Peaceful", "action_flag": 1, "change_message": "[{\"added\": {}}]"}}, {"model": "admin.logentry", "pk": 56, "fields": {"action_time": "2021-07-07T11:36:58.628Z", "user": 1, "content_type": 15, "object_id": "2", "object_repr": "fun_mood_category", "action_flag": 1, "change_message": "[{\"added\": {}}]"}}, {"model": "admin.logentry", "pk": 57, "fields": {"action_time": "2021-07-07T11:37:11.607Z", "user": 1, "content_type": 15, "object_id": "1", "object_repr": "peace_mood_category", "action_flag": 2, "change_message": "[{\"changed\": {\"fields\": [\"Name\", \"Friendly name\"]}}]"}}, {"model": "admin.logentry", "pk": 58, "fields": {"action_time": "2021-07-07T11:37:19.324Z", "user": 1, "content_type": 15, "object_id": "3", "object_repr": "energetic_mood_category", "action_flag": 1, "change_message": "[{\"added\": {}}]"}}, {"model": "admin.logentry", "pk": 59, "fields": {"action_time": "2021-07-07T11:45:30.951Z", "user": 1, "content_type": 14, "object_id": "1", "object_repr": "Quartz necklace", "action_flag": 2, "change_message": "[{\"changed\": {\"fields\": [\"Mood\"]}}]"}}, {"model": "admin.logentry", "pk": 60, "fields": {"action_time": "2021-07-07T11:45:41.104Z", "user": 1, "content_type": 14, "object_id": "8", "object_repr": "Bull stone bracelet", "action_flag": 2, "change_message": "[{\"changed\": {\"fields\": [\"Mood\"]}}]"}}, {"model": "admin.logentry", "pk": 61, "fields": {"action_time": "2021-07-07T11:45:48.725Z", "user": 1, "content_type": 14, "object_id": "9", "object_repr": "Bull stone bracelet", "action_flag": 2, "change_message": "[{\"changed\": {\"fields\": [\"Mood\"]}}]"}}, {"model": "admin.logentry", "pk": 62, "fields": {"action_time": "2021-07-07T11:45:59.606Z", "user": 1, "content_type": 14, "object_id": "10", "object_repr": "Original halloween earings", "action_flag": 2, "change_message": "[{\"changed\": {\"fields\": [\"Mood\"]}}]"}}, {"model": "admin.logentry", "pk": 63, "fields": {"action_time": "2021-07-07T11:46:05.847Z", "user": 1, "content_type": 14, "object_id": "10", "object_repr": "Original halloween earings", "action_flag": 2, "change_message": "[]"}}, {"model": "admin.logentry", "pk": 64, "fields": {"action_time": "2021-07-07T11:46:18.683Z", "user": 1, "content_type": 14, "object_id": "11", "object_repr": "Amethyst original bracelet", "action_flag": 2, "change_message": "[{\"changed\": {\"fields\": [\"Mood\"]}}]"}}, {"model": "admin.logentry", "pk": 65, "fields": {"action_time": "2021-07-07T11:46:32.991Z", "user": 1, "content_type": 14, "object_id": "12", "object_repr": "Bull eye necklace", "action_flag": 2, "change_message": "[{\"changed\": {\"fields\": [\"Mood\"]}}]"}}, {"model": "admin.logentry", "pk": 66, "fields": {"action_time": "2021-07-07T11:46:47.141Z", "user": 1, "content_type": 14, "object_id": "12", "object_repr": "Bull eye necklace", "action_flag": 2, "change_message": "[]"}}, {"model": "admin.logentry", "pk": 67, "fields": {"action_time": "2021-07-07T11:46:54.655Z", "user": 1, "content_type": 14, "object_id": "13", "object_repr": "Bull eye flower necklace", "action_flag": 2, "change_message": "[{\"changed\": {\"fields\": [\"Mood\"]}}]"}}, {"model": "admin.logentry", "pk": 68, "fields": {"action_time": "2021-07-07T11:47:02.063Z", "user": 1, "content_type": 14, "object_id": "2", "object_repr": "Amethyst original earings", "action_flag": 2, "change_message": "[{\"changed\": {\"fields\": [\"Mood\"]}}]"}}, {"model": "admin.logentry", "pk": 69, "fields": {"action_time": "2021-07-07T11:47:07.927Z", "user": 1, "content_type": 14, "object_id": "12", "object_repr": "Bull eye necklace", "action_flag": 2, "change_message": "[]"}}, {"model": "admin.logentry", "pk": 70, "fields": {"action_time": "2021-07-07T11:47:30.788Z", "user": 1, "content_type": 14, "object_id": "14", "object_repr": "Lapis Lazuli necklace", "action_flag": 2, "change_message": "[{\"changed\": {\"fields\": [\"Mood\"]}}]"}}, {"model": "admin.logentry", "pk": 71, "fields": {"action_time": "2021-07-07T11:47:39.809Z", "user": 1, "content_type": 14, "object_id": "15", "object_repr": "Lapis Lazuli celtic necklace", "action_flag": 2, "change_message": "[{\"changed\": {\"fields\": [\"Mood\"]}}]"}}, {"model": "admin.logentry", "pk": 72, "fields": {"action_time": "2021-07-07T11:47:46.505Z", "user": 1, "content_type": 14, "object_id": "17", "object_repr": "Elegant quartz necklace", "action_flag": 2, "change_message": "[{\"changed\": {\"fields\": [\"Mood\"]}}]"}}, {"model": "admin.logentry", "pk": 73, "fields": {"action_time": "2021-07-07T11:48:07.524Z", "user": 1, "content_type": 14, "object_id": "16", "object_repr": "Quartz celtic necklace", "action_flag": 2, "change_message": "[{\"changed\": {\"fields\": [\"Mood\", \"Name\"]}}]"}}, {"model": "admin.logentry", "pk": 74, "fields": {"action_time": "2021-07-07T11:48:16.574Z", "user": 1, "content_type": 14, "object_id": "19", "object_repr": "Colorful earings", "action_flag": 2, "change_message": "[{\"changed\": {\"fields\": [\"Mood\"]}}]"}}, {"model": "admin.logentry", "pk": 75, "fields": {"action_time": "2021-07-07T11:48:24.973Z", "user": 1, "content_type": 14, "object_id": "18", "object_repr": "Quartz beaufitul necklace", "action_flag": 2, "change_message": "[{\"changed\": {\"fields\": [\"Mood\"]}}]"}}, {"model": "admin.logentry", "pk": 76, "fields": {"action_time": "2021-07-07T11:48:33.035Z", "user": 1, "content_type": 14, "object_id": "20", "object_repr": "Bull eye tree necklace", "action_flag": 2, "change_message": "[{\"changed\": {\"fields\": [\"Mood\"]}}]"}}, {"model": "admin.logentry", "pk": 77, "fields": {"action_time": "2021-07-07T11:48:50.838Z", "user": 1, "content_type": 14, "object_id": "3", "object_repr": "Turquoise handmade necklace", "action_flag": 2, "change_message": "[{\"changed\": {\"fields\": [\"Mood\"]}}]"}}, {"model": "admin.logentry", "pk": 78, "fields": {"action_time": "2021-07-07T11:49:00.304Z", "user": 1, "content_type": 14, "object_id": "21", "object_repr": "Quartz bracelets", "action_flag": 2, "change_message": "[{\"changed\": {\"fields\": [\"Mood\"]}}]"}}, {"model": "admin.logentry", "pk": 79, "fields": {"action_time": "2021-07-07T11:49:13.254Z", "user": 1, "content_type": 14, "object_id": "22", "object_repr": "Red bracelet", "action_flag": 2, "change_message": "[{\"changed\": {\"fields\": [\"Mood\"]}}]"}}, {"model": "admin.logentry", "pk": 80, "fields": {"action_time": "2021-07-07T11:49:25.687Z", "user": 1, "content_type": 14, "object_id": "23", "object_repr": "Lapis Lazuli necklace", "action_flag": 2, "change_message": "[{\"changed\": {\"fields\": [\"Mood\"]}}]"}}, {"model": "admin.logentry", "pk": 81, "fields": {"action_time": "2021-07-07T11:49:36.004Z", "user": 1, "content_type": 14, "object_id": "24", "object_repr": "Bull eye flower necklace", "action_flag": 2, "change_message": "[{\"changed\": {\"fields\": [\"Mood\"]}}]"}}, {"model": "admin.logentry", "pk": 82, "fields": {"action_time": "2021-07-07T11:50:01.665Z", "user": 1, "content_type": 14, "object_id": "25", "object_repr": "Amethyst original necklace", "action_flag": 2, "change_message": "[{\"changed\": {\"fields\": [\"Mood\"]}}]"}}, {"model": "admin.logentry", "pk": 83, "fields": {"action_time": "2021-07-07T11:50:09.197Z", "user": 1, "content_type": 14, "object_id": "26", "object_repr": "Cat original necklace", "action_flag": 2, "change_message": "[{\"changed\": {\"fields\": [\"Mood\"]}}]"}}, {"model": "admin.logentry", "pk": 84, "fields": {"action_time": "2021-07-07T11:50:15.921Z", "user": 1, "content_type": 14, "object_id": "27", "object_repr": "Colorful bracelets", "action_flag": 2, "change_message": "[{\"changed\": {\"fields\": [\"Mood\"]}}]"}}, {"model": "admin.logentry", "pk": 85, "fields": {"action_time": "2021-07-07T11:50:26.895Z", "user": 1, "content_type": 14, "object_id": "4", "object_repr": "Garnet necklace purificator", "action_flag": 2, "change_message": "[{\"changed\": {\"fields\": [\"Mood\"]}}]"}}, {"model": "admin.logentry", "pk": 86, "fields": {"action_time": "2021-07-07T11:50:36.050Z", "user": 1, "content_type": 14, "object_id": "30", "object_repr": "Romantic bracelet", "action_flag": 2, "change_message": "[{\"changed\": {\"fields\": [\"Mood\"]}}]"}}, {"model": "admin.logentry", "pk": 87, "fields": {"action_time": "2021-07-07T11:50:43.767Z", "user": 1, "content_type": 14, "object_id": "28", "object_repr": "Colorful and peaceful bracelet", "action_flag": 2, "change_message": "[{\"changed\": {\"fields\": [\"Mood\"]}}]"}}, {"model": "admin.logentry", "pk": 88, "fields": {"action_time": "2021-07-07T11:50:51.622Z", "user": 1, "content_type": 14, "object_id": "29", "object_repr": "Amethyst original bracelet", "action_flag": 2, "change_message": "[{\"changed\": {\"fields\": [\"Mood\"]}}]"}}, {"model": "admin.logentry", "pk": 89, "fields": {"action_time": "2021-07-07T11:50:59.988Z", "user": 1, "content_type": 14, "object_id": "5", "object_repr": "Lapis Lazuli necklace", "action_flag": 2, "change_message": "[{\"changed\": {\"fields\": [\"Mood\"]}}]"}}, {"model": "admin.logentry", "pk": 90, "fields": {"action_time": "2021-07-07T11:51:06.575Z", "user": 1, "content_type": 14, "object_id": "6", "object_repr": "Lapis Lazuli colorful necklace", "action_flag": 2, "change_message": "[{\"changed\": {\"fields\": [\"Mood\"]}}]"}}, {"model": "admin.logentry", "pk": 91, "fields": {"action_time": "2021-07-07T11:51:13.736Z", "user": 1, "content_type": 14, "object_id": "7", "object_repr": "Colorful necklace", "action_flag": 2, "change_message": "[{\"changed\": {\"fields\": [\"Mood\"]}}]"}}, {"model": "admin.logentry", "pk": 92, "fields": {"action_time": "2021-07-07T13:39:08.515Z", "user": 1, "content_type": 14, "object_id": "3", "object_repr": "Turquoise handmade necklace", "action_flag": 2, "change_message": "[{\"changed\": {\"fields\": [\"Mood\"]}}]"}}, {"model": "admin.logentry", "pk": 93, "fields": {"action_time": "2021-07-07T13:39:53.855Z", "user": 1, "content_type": 14, "object_id": "3", "object_repr": "Turquoise handmade necklace", "action_flag": 2, "change_message": "[{\"changed\": {\"fields\": [\"Category\", \"Mood\"]}}]"}}, {"model": "admin.logentry", "pk": 94, "fields": {"action_time": "2021-07-07T13:40:22.835Z", "user": 1, "content_type": 14, "object_id": "3", "object_repr": "Turquoise handmade necklace", "action_flag": 2, "change_message": "[{\"changed\": {\"fields\": [\"Category\"]}}]"}}, {"model": "admin.logentry", "pk": 95, "fields": {"action_time": "2021-07-16T07:54:35.289Z", "user": 1, "content_type": 16, "object_id": "2", "object_repr": "788805DD9FED4D15BE3070AB6EC79B2C", "action_flag": 3, "change_message": ""}}, {"model": "admin.logentry", "pk": 96, "fields": {"action_time": "2021-07-16T07:56:23.587Z", "user": 1, "content_type": 16, "object_id": "3", "object_repr": "D644326703AD4170955F70956159136E", "action_flag": 2, "change_message": "[{\"deleted\": {\"name\": \"order line item\", \"object\": \"SKU 12 on order D644326703AD4170955F70956159136E\"}}]"}}, {"model": "admin.logentry", "pk": 97, "fields": {"action_time": "2021-07-16T07:57:06.340Z", "user": 1, "content_type": 16, "object_id": "3", "object_repr": "D644326703AD4170955F70956159136E", "action_flag": 3, "change_message": ""}}, {"model": "admin.logentry", "pk": 98, "fields": {"action_time": "2021-07-16T07:57:06.367Z", "user": 1, "content_type": 16, "object_id": "1", "object_repr": "695907FD71A84442AE16CE2658D96BD4", "action_flag": 3, "change_message": ""}}, {"model": "admin.logentry", "pk": 99, "fields": {"action_time": "2021-07-16T07:58:39.248Z", "user": 1, "content_type": 16, "object_id": "4", "object_repr": "3DC45E79AB20432FA076913C9B388CE6", "action_flag": 2, "change_message": "[{\"changed\": {\"name\": \"order line item\", \"object\": \"SKU 9 on order 3DC45E79AB20432FA076913C9B388CE6\", \"fields\": [\"Quantity\"]}}]"}}, {"model": "admin.logentry", "pk": 100, "fields": {"action_time": "2021-07-16T07:58:53.374Z", "user": 1, "content_type": 16, "object_id": "4", "object_repr": "3DC45E79AB20432FA076913C9B388CE6", "action_flag": 2, "change_message": "[{\"changed\": {\"name\": \"order line item\", \"object\": \"SKU 14 on order 3DC45E79AB20432FA076913C9B388CE6\", \"fields\": [\"Quantity\"]}}, {\"changed\": {\"name\": \"order line item\", \"object\": \"SKU 9 on order 3DC45E79AB20432FA076913C9B388CE6\", \"fields\": [\"Quantity\"]}}]"}}, {"model": "admin.logentry", "pk": 101, "fields": {"action_time": "2021-07-16T07:59:05.520Z", "user": 1, "content_type": 16, "object_id": "4", "object_repr": "3DC45E79AB20432FA076913C9B388CE6", "action_flag": 3, "change_message": ""}}, {"model": "admin.logentry", "pk": 102, "fields": {"action_time": "2021-07-21T07:53:21.784Z", "user": 3, "content_type": 8, "object_id": "1", "object_repr": "valentinelagand@gmail.com", "action_flag": 3, "change_message": ""}}, {"model": "admin.logentry", "pk": 103, "fields": {"action_time": "2021-07-21T07:53:58.668Z", "user": 3, "content_type": 4, "object_id": "1", "object_repr": "ValentineLgd", "action_flag": 2, "change_message": "[{\"changed\": {\"fields\": [\"Email address\"]}}]"}}, {"model": "auth.user", "pk": 1, "fields": {"password": "pbkdf2_sha256$260000$GEPp0b0SAI48o3uYkk97lk$eHiDwLJkEwt1tWrMjAeA+YK+9A9RJtJGmPYCP4IY5WU=", "last_login": "2021-07-21T07:50:24Z", "is_superuser": true, "username": "ValentineLgd", "first_name": "", "last_name": "", "email": "solzinhalgd@gmail.com", "is_staff": true, "is_active": true, "date_joined": "2021-07-02T07:19:34Z", "groups": [], "user_permissions": []}}, {"model": "auth.user", "pk": 2, "fields": {"password": "pbkdf2_sha256$260000$ycmvLm5vQwT20rR8358s8m$J1oz4nbse09DfbAOrf5FVVylN9/WN7uavOJ7D/g+Mqk=", "last_login": "2021-07-21T08:28:33.864Z", "is_superuser": false, "username": "Lalala", "first_name": "", "last_name": "", "email": "solzinhalgd@gmail.com", "is_staff": false, "is_active": true, "date_joined": "2021-07-20T12:42:16.317Z", "groups": [], "user_permissions": []}}, {"model": "auth.user", "pk": 3, "fields": {"password": "pbkdf2_sha256$260000$ZcDmVtVjju06OhLnofiz3t$iXG+RilbxAI+QKNJjU+Glowqoubbs6J//7efbidSP4g=", "last_login": "2021-07-21T08:35:01.145Z", "is_superuser": true, "username": "Valentine", "first_name": "", "last_name": "", "email": "valentinelagand@gmail.com", "is_staff": true, "is_active": true, "date_joined": "2021-07-21T07:51:58.849Z", "groups": [], "user_permissions": []}}, {"model": "sessions.session", "pk": "494uwfk1q4ve5fzov2kbrvezzzikin7e", "fields": {"session_data": "eyJiYWciOnsiMiI6NX19:1m2z20:35r_41lZyBmsYV8HS-W0OCX0n2eChqVdrV9MH2I3LE0", "expire_date": "2021-07-26T16:43:44.235Z"}}, {"model": "sessions.session", "pk": "5jsnawdqz9byukjf0tk8a0zqglfoczn5", "fields": {"session_data": "e30:1m66xs:9yZ0Jc-cL9YI08UKxUEhDeMBWlNsPD8pyhEBmOsCPeA", "expire_date": "2021-08-04T07:48:24.409Z"}}, {"model": "sessions.session", "pk": "6xz16t010s1825boolp7kyhj1ef65vvk", "fields": {"session_data": "eyJiYWciOnsiMzIiOjEsIjMxIjoxfX0:1m66wX:R_jm04Bn-6FunNf6SpedC2tMk2v1CVmC1lCZ8VNL0DQ", "expire_date": "2021-08-04T07:47:01.763Z"}}, {"model": "sessions.session", "pk": "fjkijvc534upb2vv5fe1g8mqplgl3skn", "fields": {"session_data": "e30:1m66xf:L9OkYVJS2OuhLe7K0isi4SAJKLnoM3rjZG2gX9-KMCc", "expire_date": "2021-08-04T07:48:11.965Z"}}, {"model": "sessions.session", "pk": "hu43ftkndx5lsuaych1s6mi42gd4hw0u", "fields": {"session_data": "e30:1m66xU:qYvTp5C-aINXcTa-4WWwpg-qxCCds9CaMoChZBkibkc", "expire_date": "2021-08-04T07:48:00.348Z"}}, {"model": "sessions.session", "pk": "ia378q04iqj7rhpvj4qro6q0zd1dk3tl", "fields": {"session_data": "e30:1m5t9q:7EdLpu1ftBqhesGILJsbOqG3dYwA4UQQEavdnH9Wohc", "expire_date": "2021-08-03T17:03:50.617Z"}}, {"model": "sessions.session", "pk": "lay3hvikt7y533a1qxn33m6wvl7vmfhj", "fields": {"session_data": "eyJhY2NvdW50X3ZlcmlmaWVkX2VtYWlsIjpudWxsLCJhY2NvdW50X3VzZXIiOiIyIn0:1m5pBO:TEt1oKrCOsVrR8o98bVBAF0F2xdea0RNNKj-FOXiJ9k", "expire_date": "2021-08-03T12:49:10.764Z"}}, {"model": "sessions.session", "pk": "lwg04xaqdluh2pni3snfro6la3xj4g9x", "fields": {"session_data": "e30:1m66xK:M5CFR6g7BGfITMYjKlDavD5xZYICgLTim-ZHpf-ncmM", "expire_date": "2021-08-04T07:47:50.614Z"}}, {"model": "sessions.session", "pk": "mm6jv1xxwiwd6egr4w535sevj33jf2ba", "fields": {"session_data": "e30:1m5owF:WYZDAd6m1gEB2ZHBGhBL_IZJ_mMrIub80qIhWV30TWE", "expire_date": "2021-08-03T12:33:31.990Z"}}, {"model": "sessions.session", "pk": "paegp3dq6rh6iqz2z1niyhayifb89mfk", "fields": {"session_data": ".eJxVjMEOwiAQBf-FsyGwWKA9evcbCMtSixpooE00xn_XJj3o9c28eTHn12Vya4vVJWIDk-zwu6EPt5g3QFefL4WHkpeakG8K32nj50Lxftrdv8Dk2_R9GwVa4VFbAJAG5YhgLILuQiD0owJFoKXtCLVAL4MVinplAkTR2V7AFm2xtVSyi4851ScbxPsDVj0-OA:1lzDiu:kiwUnpsQLB5tOljBnYRboqadxAwcXzTtiBAHdvpk73I", "expire_date": "2021-07-16T07:36:28.638Z"}}, {"model": "sessions.session", "pk": "rdq8qx9urev3erjdjthhd7lv8yp97mr2", "fields": {"session_data": "e30:1m5p0w:LPF07RKQWqr2RqT7TgGn4uxKGm6RXFZ0Yk8BGSURXwI", "expire_date": "2021-08-03T12:38:22.324Z"}}, {"model": "sessions.session", "pk": "t10j7l13iojr2xavn987u6ji08c65cyc", "fields": {"session_data": ".eJxVjMkOgjAURf_lrUnTAdJh6d5vaDq8QtW0hkKiIfy7krDQ7T3nng2sW5fJrg1nmyMYEND9bt6FO5YDxJsrYyWhlmXOnhwKOWkj1xrxcTndv8Dk2vR9O0a9HnyigUlHB82FRJU8FzSh1EOkKUmtUugDMqWRiciiik70IUivFD-iDVvLtVh8PfP8BkM78G4EswEHw_b9AyvEQyk:1m684W:xD-ZYmZREk83EehLDgbvVvwWojBbRgL0jKctgSnF88U", "expire_date": "2021-08-04T08:59:20.823Z"}}, {"model": "sessions.session", "pk": "zy5nbc4xxcgognzrwqcsa0mwlgw808y0", "fields": {"session_data": "e30:1m5sh8:wgMTIC1jME5vV8mtbso-rx8V7g8k4z0_N2XdHdxrawE", "expire_date": "2021-08-03T16:34:10.286Z"}}, {"model": "sites.site", "pk": 1, "fields": {"domain": "stones_gate.example.com", "name": "Stones Gate"}}, {"model": "account.emailaddress", "pk": 2, "fields": {"user": 2, "email": "solzinhalgd@gmail.com", "verified": true, "primary": true}}, {"model": "account.emailaddress", "pk": 3, "fields": {"user": 3, "email": "valentinelagand@gmail.com", "verified": true, "primary": true}}, {"model": "products.category", "pk": 5, "fields": {"name": "earings_category", "friendly_name": "Earings"}}, {"model": "products.category", "pk": 6, "fields": {"name": "necklaces_category", "friendly_name": "Necklaces"}}, {"model": "products.category", "pk": 7, "fields": {"name": "bracelets_category", "friendly_name": "Bracelets"}}, {"model": "products.mood", "pk": 1, "fields": {"name": "peace_mood_category", "friendly_name": "Peaceful"}}, {"model": "products.mood", "pk": 2, "fields": {"name": "fun_mood_category", "friendly_name": "Funny"}}, {"model": "products.mood", "pk": 3, "fields": {"name": "energetic_mood_category", "friendly_name": "Energetic"}}, {"model": "products.product", "pk": 1, "fields": {"category": 6, "mood": 1, "sku": "1", "name": "Quartz necklace", "description": "This elegant necklace provides you all quartz's stone benefits.\r\n\r\nQuartz enhances spiritual growth, spirituality, awareness, and wisdom. It increases inspiration and creativity. It can also help with concentration, studying, and retaining what one learns. Quartz is a stone of harmony and is helpful in romantic relationships.", "price": "36.00", "rating": "4.50", "image_url": null, "image": "img_1.jpeg"}}, {"model": "products.product", "pk": 2, "fields": {"category": 5, "mood": 1, "sku": "2", "name": "Amethyst original earings", "description": "Looking for peace and stress-relief?\r\n\r\nThese georgous earings are made for you!\r\n\r\nAmethyst is a natural tranquiliser, it relieves stress and strain, soothes irritability, balances mood swings, dispels anger, rage, fear and anxiety. Alleviates sadness and grief, and dissolves negativity. Amethyst activates spiritual awareness, opens intuition and enhances psychic abilities.", "price": "46.00", "rating": "4.21", "image_url": null, "image": "img_2.jpeg"}}, {"model": "products.product", "pk": 3, "fields": {"category": 6, "mood": 1, "sku": "3", "name": "Turquoise handmade necklace", "description": "This beautiful turquoise necklace will provide you all the daily support you need.\r\n\r\nIndeed, turquoise balances and aligns all the chakras, stabilising mood swings and instilling inner calm. It is excellent for depression and exhaustion, it also has the power to prevent panic attacks. Turquoise promotes self-realisation and assists creative problem solving.", "price": "55.00", "rating": "4.60", "image_url": null, "image": "img_3.jpeg"}}, {"model": "products.product", "pk": 4, "fields": {"category": 6, "mood": 1, "sku": "4", "name": "Garnet necklace purificator", "description": "This garnet necklace revitalises, purifies and balances energy, bringing serenity or passion as appropriate. Inspires love and devotion. Garnet balances the sex drive and alleviates emotional disharmony. It activates and strengthens the survival instinct, bringing courage and hope.", "price": "49.00", "rating": "4.50", "image_url": null, "image": "img_5.jpeg"}}, {"model": "products.product", "pk": 5, "fields": {"category": 6, "mood": 1, "sku": "6", "name": "Lapis Lazuli necklace", "description": "Ths lapis lazuli necklace encourages self-awareness, allows self-expression and reveals inner truth, providing qualities of honesty, compassion and morality to the personality. Stimulates objectivity, clarity and encourages creativity. Lapis Lazuli assists to confront and speak one's truth and inspires confidence.", "price": "64.00", "rating": "4.80", "image_url": null, "image": "img_6.jpeg"}}, {"model": "products.product", "pk": 6, "fields": {"category": 6, "mood": 1, "sku": "8", "name": "Lapis Lazuli colorful necklace", "description": "This lapis lazuly necklace encourages self-awareness, allows self-expression and reveals inner truth, providing qualities of honesty, compassion and morality to the personality. Stimulates objectivity, clarity and encourages creativity. Lapis Lazuli assists to confront and speak one's truth and inspires confidence.", "price": "67.00", "rating": "4.80", "image_url": null, "image": "img_8.jpeg"}}, {"model": "products.product", "pk": 7, "fields": {"category": 6, "mood": 2, "sku": "9", "name": "Colorful necklace", "description": "Colorful necklace bringing you strengh and courage.", "price": "85.00", "rating": "5.00", "image_url": null, "image": "img_9.jpeg"}}, {"model": "products.product", "pk": 8, "fields": {"category": 7, "mood": 3, "sku": "12", "name": "Bull stone bracelet", "description": "Bull stone is a stone that provides flexibility especially in the joints and helps relieve back problems. This stone brings physical strength, dynamism but also body heat. It brings endurance in the efforts, but it is also a stone of relaxation.", "price": "45.00", "rating": "4.50", "image_url": null, "image": "img_12.jpeg"}}, {"model": "products.product", "pk": 9, "fields": {"category": 7, "mood": 3, "sku": "14", "name": "Bull stone bracelet", "description": "Bull stone is a stone that provides flexibility especially in the joints and helps relieve back problems. This stone brings physical strength, dynamism but also body heat. It brings endurance in the efforts, but it is also a stone of relaxation.", "price": "56.00", "rating": "4.70", "image_url": null, "image": "img_14.jpeg"}}, {"model": "products.product", "pk": 10, "fields": {"category": 5, "mood": 2, "sku": "16", "name": "Original halloween earings", "description": "Impress your kids and friends during Halloween with these handmade halloween earings.", "price": "34.00", "rating": "4.20", "image_url": null, "image": "img_16.jpeg"}}, {"model": "products.product", "pk": 11, "fields": {"category": 7, "mood": 1, "sku": "17", "name": "Amethyst original bracelet", "description": "Amethyst is a natural tranquiliser, it relieves stress and strain, soothes irritability, balances mood swings, dispels anger, rage, fear and anxiety. Alleviates sadness and grief, and dissolves negativity. Amethyst activates spiritual awareness, opens intuition and enhances psychic abilities.", "price": "35.00", "rating": "4.50", "image_url": null, "image": "img_17.jpeg"}}, {"model": "products.product", "pk": 12, "fields": {"category": 6, "mood": 3, "sku": "18", "name": "Bull eye necklace", "description": "The bull's eye (an heated tiger's-eye) is a stone that provides flexibility especially in the joints and helps relieve back problems. This stone brings physical strength, dynamism but also body heat. It brings endurance in the efforts, but it is also a stone of relaxation.", "price": "56.00", "rating": "4.10", "image_url": null, "image": "img_18.jpeg"}}, {"model": "products.product", "pk": 13, "fields": {"category": 6, "mood": 3, "sku": "19", "name": "Bull eye flower necklace", "description": "The bull's eye (an heated tiger's-eye) is a stone that provides flexibility especially in the joints and helps relieve back problems. This stone brings physical strength, dynamism but also body heat. It brings endurance in the efforts, but it is also a stone of relaxation.", "price": "51.00", "rating": "4.10", "image_url": null, "image": "img_19.jpeg"}}, {"model": "products.product", "pk": 14, "fields": {"category": 6, "mood": 3, "sku": "20", "name": "Lapis Lazuli necklace", "description": "Lapis Lazuli boosts the immune system, purifies blood, cooling and soothing areas of inflammation. It alleviates insomnia and overcomes depression. Lapis Lazuli benefits the respiratory and nervous systems and cleanses organs, bone marrow and thymus.", "price": "54.00", "rating": "4.80", "image_url": null, "image": "img_20.jpeg"}}, {"model": "products.product", "pk": 15, "fields": {"category": 6, "mood": 3, "sku": "22", "name": "Lapis Lazuli celtic necklace", "description": "Lapis Lazuli boosts the immune system, purifies blood, cooling and soothing areas of inflammation. It alleviates insomnia and overcomes depression. Lapis Lazuli benefits the respiratory and nervous systems and cleanses organs, bone marrow and thymus.", "price": "43.00", "rating": "4.80", "image_url": null, "image": "img_22.jpeg"}}, {"model": "products.product", "pk": 16, "fields": {"category": 6, "mood": 1, "sku": "23", "name": "Quartz celtic necklace", "description": "This white crystal is considered a “master healer.” It's said to amplify energy by absorbing, storing, releasing, and regulating it. It's also said to aid concentration and memory. Physically, clear crystals are claimed to help stimulate the immune system and balance out your entire body.", "price": "35.00", "rating": "5.00", "image_url": null, "image": "img_23.jpeg"}}, {"model": "products.product", "pk": 17, "fields": {"category": 6, "mood": 1, "sku": "23", "name": "Elegant quartz necklace", "description": "This white crystal is considered a “master healer.” It's said to amplify energy by absorbing, storing, releasing, and regulating it. It's also said to aid concentration and memory. Physically, clear crystals are claimed to help stimulate the immune system and balance out your entire body.", "price": "50.00", "rating": "5.00", "image_url": null, "image": "img_24.jpeg"}}, {"model": "products.product", "pk": 18, "fields": {"category": 6, "mood": 1, "sku": "25", "name": "Quartz beaufitul necklace", "description": "This white crystal is considered a “master healer.” It's said to amplify energy by absorbing, storing, releasing, and regulating it. It's also said to aid concentration and memory. Physically, clear crystals are claimed to help stimulate the immune system and balance out your entire body.", "price": "35.00", "rating": "4.24", "image_url": null, "image": "img_25.jpeg"}}, {"model": "products.product", "pk": 19, "fields": {"category": 5, "mood": 2, "sku": "25", "name": "Colorful earings", "description": "Colorful and original earings", "price": "36.00", "rating": "4.63", "image_url": null, "image": "img_26.jpeg"}}, {"model": "products.product", "pk": 20, "fields": {"category": 6, "mood": 3, "sku": "28", "name": "Bull eye tree necklace", "description": "The bull's eye (an heated tiger's-eye) lithotherapy is a stone that provides flexibility especially in the joints and helps relieve back problems. This stone brings physical strength, dynamism but also body heat. It brings endurance in the efforts, but it is also a stone of relaxation.", "price": "65.00", "rating": "4.87", "image_url": null, "image": "img_28.jpeg"}}, {"model": "products.product", "pk": 21, "fields": {"category": 7, "mood": 1, "sku": "30", "name": "Quartz bracelets", "description": "This white crystal is considered a “master healer.” It's said to amplify energy by absorbing, storing, releasing, and regulating it. It's also said to aid concentration and memory. Physically, clear crystals are claimed to help stimulate the immune system and balance out your entire body", "price": "45.00", "rating": "4.76", "image_url": null, "image": "img_30.jpeg"}}, {"model": "products.product", "pk": 22, "fields": {"category": 7, "mood": 3, "sku": "31", "name": "Red bracelet", "description": "Beautiful and elegant red bracelet", "price": "34.00", "rating": "4.12", "image_url": null, "image": "img_31.jpeg"}}, {"model": "products.product", "pk": 23, "fields": {"category": 6, "mood": 1, "sku": "32", "name": "Lapis Lazuli necklace", "description": "This lapis lazuli necklace encourages self-awareness, allows self-expression and reveals inner truth, providing qualities of honesty, compassion and morality to the personality. Stimulates objectivity, clarity and encourages creativity. Lapis Lazuli assists to confront and speak one's truth and inspires confidence.", "price": "54.00", "rating": "4.67", "image_url": null, "image": "img_32.jpeg"}}, {"model": "products.product", "pk": 24, "fields": {"category": 6, "mood": 3, "sku": "33", "name": "Bull eye flower necklace", "description": "The bull's eye (an heated tiger's-eye) lithotherapy is a stone that provides flexibility especially in the joints and helps relieve back problems. This stone brings physical strength, dynamism but also body heat. It brings endurance in the efforts, but it is also a stone of relaxation.", "price": "43.00", "rating": "4.78", "image_url": null, "image": "img_33.jpeg"}}, {"model": "products.product", "pk": 25, "fields": {"category": 6, "mood": 1, "sku": "34", "name": "Amethyst original necklace", "description": "Amethyst is a natural tranquiliser, it relieves stress and strain, soothes irritability, balances mood swings, dispels anger, rage, fear and anxiety. Alleviates sadness and grief, and dissolves negativity. Amethyst activates spiritual awareness, opens intuition and enhances psychic abilities.", "price": "50.00", "rating": "4.52", "image_url": null, "image": "img_34.jpeg"}}, {"model": "products.product", "pk": 26, "fields": {"category": 6, "mood": 2, "sku": "35", "name": "Cat original necklace", "description": "Original necklace in cat shape", "price": "35.00", "rating": "4.90", "image_url": null, "image": "img_36.jpeg"}}, {"model": "products.product", "pk": 27, "fields": {"category": 7, "mood": 2, "sku": "39", "name": "Colorful bracelets", "description": "Colorful and original bracelets", "price": "25.00", "rating": "3.99", "image_url": null, "image": "img_39.jpeg"}}, {"model": "products.product", "pk": 28, "fields": {"category": 7, "mood": 1, "sku": "41", "name": "Colorful and peaceful bracelet", "description": "Colorful and peaceful bracelet", "price": "30.00", "rating": "4.73", "image_url": null, "image": "img_41.jpeg"}}, {"model": "products.product", "pk": 29, "fields": {"category": 7, "mood": 1, "sku": "42", "name": "Amethyst original bracelet", "description": "Amethyst is a natural tranquiliser, it relieves stress and strain, soothes irritability, balances mood swings, dispels anger, rage, fear and anxiety. Alleviates sadness and grief, and dissolves negativity. Amethyst activates spiritual awareness, opens intuition and enhances psychic abilities.", "price": "32.00", "rating": "4.12", "image_url": null, "image": "img_42.jpeg"}}, {"model": "products.product", "pk": 30, "fields": {"category": 7, "mood": 1, "sku": "40", "name": "Romantic bracelet", "description": "Romantic bracelet", "price": "25.00", "rating": "4.25", "image_url": null, "image": "img_40.jpeg"}}, {"model": "checkout.order", "pk": 5, "fields": {"order_number": "5AE267895A224D60AB954C53615035DE", "user_profile": null, "full_name": "Valentine Lagand", "email": "valentinelagand@gmail.com", "phone_number": "0635278552", "country": "France", "postcode": "78540", "town_or_city": "VERNOUILLET", "street_address1": "1 square des terres rouges", "street_address2": null, "county": null, "date": "2021-07-19T07:06:50.974Z", "delivery_cost": "13.40", "order_total": "134.00", "grand_total": "147.40", "original_bag": "", "stripe_pid": ""}}, {"model": "checkout.order", "pk": 6, "fields": {"order_number": "297DAC8A326743B1BC37D2C1C13B2FE0", "user_profile": null, "full_name": "Valentine Lagand", "email": "valentinelagand@gmail.com", "phone_number": "0635278552", "country": "France", "postcode": "78540", "town_or_city": "VERNOUILLET", "street_address1": "1 square des terres rouges", "street_address2": null, "county": null, "date": "2021-07-19T08:30:09.256Z", "delivery_cost": "7.00", "order_total": "70.00", "grand_total": "77.00", "original_bag": "", "stripe_pid": ""}}, {"model": "checkout.order", "pk": 7, "fields": {"order_number": "5FE5397B521F4B58A70382764DFC92BA", "user_profile": null, "full_name": "Valentine Lagand", "email": "valentinelagand@gmail.com", "phone_number": "0635278552", "country": "France", "postcode": "78540", "town_or_city": "VERNOUILLET", "street_address1": "1 square des terres rouges", "street_address2": null, "county": null, "date": "2021-07-19T08:33:55.348Z", "delivery_cost": "14.50", "order_total": "145.00", "grand_total": "159.50", "original_bag": "", "stripe_pid": ""}}, {"model": "checkout.order", "pk": 8, "fields": {"order_number": "84E3CC5CEE014990A75613DA23753E5E", "user_profile": null, "full_name": "Valentine Lagand", "email": "valentinelagand@gmail.com", "phone_number": "0635278552", "country": "France", "postcode": "78540", "town_or_city": "VERNOUILLET", "street_address1": "1 square des terres rouges", "street_address2": null, "county": null, "date": "2021-07-19T09:32:04.698Z", "delivery_cost": "7.00", "order_total": "70.00", "grand_total": "77.00", "original_bag": "", "stripe_pid": ""}}, {"model": "checkout.order", "pk": 9, "fields": {"order_number": "CE85D98FB5A4416A95D14FC6E115A7DB", "user_profile": null, "full_name": "Valentine Lagand", "email": "valentinelagand@gmail.com", "phone_number": "0635278552", "country": "France", "postcode": "78540", "town_or_city": "VERNOUILLET", "street_address1": "1 square des terres rouges", "street_address2": null, "county": null, "date": "2021-07-19T12:22:01.688Z", "delivery_cost": "6.70", "order_total": "67.00", "grand_total": "73.70", "original_bag": "", "stripe_pid": ""}}, {"model": "checkout.order", "pk": 10, "fields": {"order_number": "FF1FCF532B2B4C55BCCB5D4FDFB97407", "user_profile": null, "full_name": "Alexia Philibert", "email": "valentinelagand@gmail.com", "phone_number": "0609360913", "country": "France", "postcode": "78970", "town_or_city": "Mézières", "street_address1": "25 rue Hneri Bretonnet", "street_address2": null, "county": null, "date": "2021-07-19T12:27:36.411Z", "delivery_cost": "10.50", "order_total": "105.00", "grand_total": "115.50", "original_bag": "", "stripe_pid": ""}}, {"model": "checkout.order", "pk": 11, "fields": {"order_number": "7F547EFD288B48B583576935255F67CA", "user_profile": null, "full_name": "Alexia Philibert", "email": "valentinelagand@gmail.com", "phone_number": "0609360913", "country": "France", "postcode": "78970", "town_or_city": "Mézières", "street_address1": "25 rue Hneri Bretonnet", "street_address2": null, "county": null, "date": "2021-07-19T13:55:46.522Z", "delivery_cost": "9.00", "order_total": "90.00", "grand_total": "99.00", "original_bag": "{\"8\": 2}", "stripe_pid": "pi_1JEwwQErc69KbLOd18vPq89M"}}, {"model": "checkout.order", "pk": 12, "fields": {"order_number": "9E67B8555BB848508D9317DBD4EB87CD", "user_profile": null, "full_name": "Alexia Philibert", "email": "valentinelagand@gmail.com", "phone_number": "0609360913", "country": "France", "postcode": "78970", "town_or_city": "Mézières", "street_address1": "25 rue Hneri Bretonnet", "street_address2": null, "county": null, "date": "2021-07-19T14:04:07.911Z", "delivery_cost": "5.50", "order_total": "55.00", "grand_total": "60.50", "original_bag": "{\"3\": 1}", "stripe_pid": "pi_1JEx4PErc69KbLOdmDcybln8"}}, {"model": "checkout.order", "pk": 13, "fields": {"order_number": "313F7968E8AF4A4F9D0FBDFAD8E77C07", "user_profile": null, "full_name": "Valentine Lagand", "email": "valentinelagand@gmail.com", "phone_number": "0635278552", "country": "France", "postcode": "78540", "town_or_city": "VERNOUILLET", "street_address1": "1 square des terres rouges", "street_address2": null, "county": null, "date": "2021-07-19T14:08:12.129Z", "delivery_cost": "4.90", "order_total": "49.00", "grand_total": "53.90", "original_bag": "{\"4\": 1}", "stripe_pid": "pi_1JEx8QErc69KbLOdcJJ6OwqA"}}, {"model": "checkout.order", "pk": 14, "fields": {"order_number": "196F02641BBE43BF80620BC9E249E263", "user_profile": null, "full_name": "Valentine Lagand", "email": "valentinelagand@gmail.com", "phone_number": "0664032419", "country": "France", "postcode": "78540", "town_or_city": "VERNOUILLET", "street_address1": "1 square des terres rouges", "street_address2": null, "county": null, "date": "2021-07-19T14:13:51.348Z", "delivery_cost": "3.50", "order_total": "35.00", "grand_total": "38.50", "original_bag": "{\"1\": 1}", "stripe_pid": "pi_1JExDqErc69KbLOdW4DKgcvg"}}, {"model": "checkout.order", "pk": 15, "fields": {"order_number": "F8E1CCA2B60F4BEFBA52AD4EF5B5F2DC", "user_profile": null, "full_name": "Valentine Lagand", "email": "valentinelagand@gmail.com", "phone_number": "0894749048", "country": "France", "postcode": "78540", "town_or_city": "78540 - VERNOUILLET", "street_address1": "1 square des terres rouges", "street_address2": null, "county": null, "date": "2021-07-19T15:44:57.823Z", "delivery_cost": "9.00", "order_total": "90.00", "grand_total": "99.00", "original_bag": "{\"2\": 2}", "stripe_pid": "pi_1JEydwErc69KbLOdP1RKufGL"}}, {"model": "checkout.order", "pk": 16, "fields": {"order_number": "2434F63EA79D48369242CBCC86B69D19", "user_profile": null, "full_name": "Valentine Lagand", "email": "valentinelagand@gmail.com", "phone_number": "0635278552", "country": "France", "postcode": "78540", "town_or_city": "VERNOUILLET", "street_address1": "1 square des terres rouges", "street_address2": null, "county": null, "date": "2021-07-19T16:05:56.174Z", "delivery_cost": "12.00", "order_total": "120.00", "grand_total": "132.00", "original_bag": "{\"7\": 1, \"1\": 1}", "stripe_pid": "pi_1JEyyEErc69KbLOd6uUaEjuM"}}, {"model": "checkout.order", "pk": 17, "fields": {"order_number": "EE1FDFC3BC1F46AF80FB31AA25F89ACF", "user_profile": null, "full_name": "Valentine Lagand", "email": "valentinelagand@gmail.com", "phone_number": "0894749048", "country": "Iran", "postcode": "K34 FD85", "town_or_city": "Skerries", "street_address1": "Ballykea", "street_address2": null, "county": "Dublin", "date": "2021-07-19T16:12:43.374Z", "delivery_cost": "3.50", "order_total": "35.00", "grand_total": "38.50", "original_bag": "{\"11\": 1}", "stripe_pid": "pi_1JEz4wErc69KbLOdeu6giqa7"}}, {"model": "checkout.order", "pk": 18, "fields": {"order_number": "03B5F146BAA54CBE92DCFDFD53B72AB9", "user_profile": null, "full_name": "Valentine Lagand", "email": "valentinelagand@gmail.com", "phone_number": "0894749048", "country": "Iran", "postcode": "K34 FD85", "town_or_city": "Skerries", "street_address1": "Ballykea", "street_address2": null, "county": "Dublin", "date": "2021-07-19T16:59:37.745Z", "delivery_cost": "7.00", "order_total": "70.00", "grand_total": "77.00", "original_bag": "{\"1\": 2}", "stripe_pid": "pi_1JEzoLErc69KbLOdsUoTMK0b"}}, {"model": "checkout.order", "pk": 19, "fields": {"order_number": "536AE7D1787D4BB8842277A701F1F82E", "user_profile": null, "full_name": "Alexia Philibert", "email": "valentinelagand@gmail.com", "phone_number": "0609360913", "country": "France", "postcode": "78970", "town_or_city": "Mézières", "street_address1": "25 rue Hneri Bretonnet", "street_address2": null, "county": null, "date": "2021-07-19T17:01:51.571Z", "delivery_cost": "4.50", "order_total": "45.00", "grand_total": "49.50", "original_bag": "{\"8\": 1}", "stripe_pid": "pi_1JEzqUErc69KbLOd1TtD2fHL"}}, {"model": "checkout.order", "pk": 20, "fields": {"order_number": "0DB120CEA6FE4798A0AFB13E3430E081", "user_profile": null, "full_name": "Valentine Lagand", "email": "valentinelagand@gmail.com", "phone_number": "0894749048", "country": "IE", "postcode": "K34 FD85", "town_or_city": "Skerries", "street_address1": "Ballykea", "street_address2": null, "county": "Dublin", "date": "2021-07-20T07:14:10.422Z", "delivery_cost": "7.00", "order_total": "70.00", "grand_total": "77.00", "original_bag": "{\"1\": 2}", "stripe_pid": "pi_1JFD8zErc69KbLOddeRRmJnz"}}, {"model": "checkout.order", "pk": 21, "fields": {"order_number": "122EF846488845C8B79F41582CF7AFCA", "user_profile": null, "full_name": "Valentine Lagand", "email": "valentinelagand@gmail.com", "phone_number": "0664032419", "country": "FR", "postcode": "78540", "town_or_city": "VERNOUILLET", "street_address1": "1 square des terres rouges", "street_address2": null, "county": null, "date": "2021-07-20T07:14:59.152Z", "delivery_cost": "7.00", "order_total": "70.00", "grand_total": "77.00", "original_bag": "{\"1\": 2}", "stripe_pid": "pi_1JFD9mErc69KbLOdg0c7GsaK"}}, {"model": "checkout.order", "pk": 22, "fields": {"order_number": "96AC7BB7F9D14F788A5ACC48DD41E607", "user_profile": null, "full_name": "Valentine Lagand", "email": "valentinelagand@gmail.com", "phone_number": "0894749048", "country": "IE", "postcode": "D08 R2YT", "town_or_city": "Dublin 8", "street_address1": "7 Clansbrassil Terrace", "street_address2": null, "county": "Dublin", "date": "2021-07-20T07:24:53.772Z", "delivery_cost": "7.00", "order_total": "70.00", "grand_total": "77.00", "original_bag": "{\"1\": 2}", "stripe_pid": "pi_1JFDJUErc69KbLOdtc3FJIYU"}}, {"model": "checkout.order", "pk": 23, "fields": {"order_number": "19B3C77A52B841D79790D6CB93DAABDE", "user_profile": null, "full_name": "Valentine Lagand", "email": "valentinelagand@gmail.com", "phone_number": "0894749048", "country": "FR", "postcode": "78540", "town_or_city": "78540 - VERNOUILLET", "street_address1": "1 square des terres rouges", "street_address2": null, "county": null, "date": "2021-07-20T07:28:38.828Z", "delivery_cost": "9.80", "order_total": "98.00", "grand_total": "107.80", "original_bag": "{\"4\": 2}", "stripe_pid": "pi_1JFDN6Erc69KbLOdLGqFE3cO"}}, {"model": "checkout.order", "pk": 24, "fields": {"order_number": "0328A5C7A61640FDA91C623271163A94", "user_profile": null, "full_name": "Valentine Lagand", "email": "valentinelagand@gmail.com", "phone_number": "+353894749048", "country": "IE", "postcode": "K34 FD85", "town_or_city": "Skerries", "street_address1": "Ballykea", "street_address2": null, "county": "Dublin", "date": "2021-07-20T13:38:05.453Z", "delivery_cost": "21.10", "order_total": "211.00", "grand_total": "232.10", "original_bag": "{\"9\": 1, \"3\": 2, \"2\": 1}", "stripe_pid": "pi_1JFJ8cErc69KbLOddkORayHo"}}, {"model": "checkout.order", "pk": 25, "fields": {"order_number": "F522E8CD09554547A29CC10044740DED", "user_profile": 1, "full_name": "Valentine Lagand", "email": "valentinelagand@gmail.com", "phone_number": "0894749048", "country": "IE", "postcode": "K34 FD85", "town_or_city": "Skerries", "street_address1": "Ballykea", "street_address2": null, "county": "Dublin", "date": "2021-07-20T13:53:49.368Z", "delivery_cost": "9.00", "order_total": "90.00", "grand_total": "99.00", "original_bag": "{\"1\": 1, \"3\": 1}", "stripe_pid": "pi_1JFJNsErc69KbLOdW5wG0eP1"}}, {"model": "checkout.order", "pk": 26, "fields": {"order_number": "4586C3BF11FB468C85491CCAEB6DECC7", "user_profile": 1, "full_name": "VAlentine lll", "email": "solzinhalgd@gmail.com", "phone_number": "0894749048", "country": "IE", "postcode": "K34 FD85", "town_or_city": "Skerries", "street_address1": "Ballykea", "street_address2": null, "county": "Dublin", "date": "2021-07-20T14:04:13.994Z", "delivery_cost": "5.60", "order_total": "56.00", "grand_total": "61.60", "original_bag": "{\"9\": 1}", "stripe_pid": "pi_1JFJXwErc69KbLOdtQCSLKaP"}}, {"model": "checkout.order", "pk": 27, "fields": {"order_number": "B4D5E5F3114D48F38F5CC2E90ADFD393", "user_profile": 1, "full_name": "VALENTINE LL", "email": "solzinhalgd@gmail.com", "phone_number": "0894749048", "country": "IE", "postcode": "K34 FD85", "town_or_city": "Skerries", "street_address1": "Ballykea", "street_address2": null, "county": "Dublin", "date": "2021-07-20T14:05:27.932Z", "delivery_cost": "4.50", "order_total": "45.00", "grand_total": "49.50", "original_bag": "{\"8\": 1}", "stripe_pid": "pi_1JFJZHErc69KbLOdWkXn7QZk"}}, {"model": "checkout.order", "pk": 28, "fields": {"order_number": "749B5A6AA6944AD4BD12761C582CE5E9", "user_profile": 1, "full_name": "vvv", "email": "solzinhalgd@gmail.com", "phone_number": "0894749048", "country": "IE", "postcode": "K34 FD85", "town_or_city": "Skerries", "street_address1": "Ballykea", "street_address2": null, "county": "Dublin", "date": "2021-07-20T14:06:26.262Z", "delivery_cost": "5.60", "order_total": "56.00", "grand_total": "61.60", "original_bag": "{\"12\": 1}", "stripe_pid": "pi_1JFJaHErc69KbLOdRir1U6d1"}}, {"model": "checkout.order", "pk": 29, "fields": {"order_number": "1C04E0660CF94DE7A97471900C9A12F0", "user_profile": 1, "full_name": "VL", "email": "valentinelagand@gmail.com", "phone_number": "0894749048", "country": "IE", "postcode": "K34 FD85", "town_or_city": "Skerries", "street_address1": "Ballykea", "street_address2": null, "county": "Dublin", "date": "2021-07-20T14:54:59.671Z", "delivery_cost": "4.50", "order_total": "45.00", "grand_total": "49.50", "original_bag": "{\"2\": 1}", "stripe_pid": "pi_1JFKLCErc69KbLOdU4SpUjMk"}}, {"model": "checkout.order", "pk": 30, "fields": {"order_number": "B7D0F72FCC2A4632A356AA3B05B9766B", "user_profile": 1, "full_name": "vm", "email": "solzinhalgd@gmail.com", "phone_number": "0894749048", "country": "IE", "postcode": "K34 FD85", "town_or_city": "Skerries", "street_address1": "Ballykea", "street_address2": null, "county": "Dublin", "date": "2021-07-20T14:57:02.308Z", "delivery_cost": "3.50", "order_total": "35.00", "grand_total": "38.50", "original_bag": "{\"11\": 1}", "stripe_pid": "pi_1JFKNDErc69KbLOdRLtQioTd"}}, {"model": "checkout.orderlineitem", "pk": 5, "fields": {"order": 5, "product": 6, "quantity": 2, "lineitem_total": "134.00"}}, {"model": "checkout.orderlineitem", "pk": 6, "fields": {"order": 6, "product": 1, "quantity": 2, "lineitem_total": "70.00"}}, {"model": "checkout.orderlineitem", "pk": 7, "fields": {"order": 7, "product": 2, "quantity": 2, "lineitem_total": "90.00"}}, {"model": "checkout.orderlineitem", "pk": 8, "fields": {"order": 7, "product": 3, "quantity": 1, "lineitem_total": "55.00"}}, {"model": "checkout.orderlineitem", "pk": 9, "fields": {"order": 8, "product": 1, "quantity": 2, "lineitem_total": "70.00"}}, {"model": "checkout.orderlineitem", "pk": 10, "fields": {"order": 9, "product": 6, "quantity": 1, "lineitem_total": "67.00"}}, {"model": "checkout.orderlineitem", "pk": 11, "fields": {"order": 10, "product": 1, "quantity": 3, "lineitem_total": "105.00"}}, {"model": "checkout.orderlineitem", "pk": 12, "fields": {"order": 11, "product": 8, "quantity": 2, "lineitem_total": "90.00"}}, {"model": "checkout.orderlineitem", "pk": 13, "fields": {"order": 12, "product": 3, "quantity": 1, "lineitem_total": "55.00"}}, {"model": "checkout.orderlineitem", "pk": 14, "fields": {"order": 13, "product": 4, "quantity": 1, "lineitem_total": "49.00"}}, {"model": "checkout.orderlineitem", "pk": 15, "fields": {"order": 14, "product": 1, "quantity": 1, "lineitem_total": "35.00"}}, {"model": "checkout.orderlineitem", "pk": 16, "fields": {"order": 15, "product": 2, "quantity": 2, "lineitem_total": "90.00"}}, {"model": "checkout.orderlineitem", "pk": 17, "fields": {"order": 16, "product": 7, "quantity": 1, "lineitem_total": "85.00"}}, {"model": "checkout.orderlineitem", "pk": 18, "fields": {"order": 16, "product": 1, "quantity": 1, "lineitem_total": "35.00"}}, {"model": "checkout.orderlineitem", "pk": 19, "fields": {"order": 17, "product": 11, "quantity": 1, "lineitem_total": "35.00"}}, {"model": "checkout.orderlineitem", "pk": 20, "fields": {"order": 18, "product": 1, "quantity": 2, "lineitem_total": "70.00"}}, {"model": "checkout.orderlineitem", "pk": 21, "fields": {"order": 19, "product": 8, "quantity": 1, "lineitem_total": "45.00"}}, {"model": "checkout.orderlineitem", "pk": 22, "fields": {"order": 20, "product": 1, "quantity": 2, "lineitem_total": "70.00"}}, {"model": "checkout.orderlineitem", "pk": 23, "fields": {"order": 21, "product": 1, "quantity": 2, "lineitem_total": "70.00"}}, {"model": "checkout.orderlineitem", "pk": 24, "fields": {"order": 22, "product": 1, "quantity": 2, "lineitem_total": "70.00"}}, {"model": "checkout.orderlineitem", "pk": 25, "fields": {"order": 23, "product": 4, "quantity": 2, "lineitem_total": "98.00"}}, {"model": "checkout.orderlineitem", "pk": 26, "fields": {"order": 24, "product": 9, "quantity": 1, "lineitem_total": "56.00"}}, {"model": "checkout.orderlineitem", "pk": 27, "fields": {"order": 24, "product": 3, "quantity": 2, "lineitem_total": "110.00"}}, {"model": "checkout.orderlineitem", "pk": 28, "fields": {"order": 24, "product": 2, "quantity": 1, "lineitem_total": "45.00"}}, {"model": "checkout.orderlineitem", "pk": 29, "fields": {"order": 25, "product": 1, "quantity": 1, "lineitem_total": "35.00"}}, {"model": "checkout.orderlineitem", "pk": 30, "fields": {"order": 25, "product": 3, "quantity": 1, "lineitem_total": "55.00"}}, {"model": "checkout.orderlineitem", "pk": 31, "fields": {"order": 26, "product": 9, "quantity": 1, "lineitem_total": "56.00"}}, {"model": "checkout.orderlineitem", "pk": 32, "fields": {"order": 27, "product": 8, "quantity": 1, "lineitem_total": "45.00"}}, {"model": "checkout.orderlineitem", "pk": 33, "fields": {"order": 28, "product": 12, "quantity": 1, "lineitem_total": "56.00"}}, {"model": "checkout.orderlineitem", "pk": 34, "fields": {"order": 29, "product": 2, "quantity": 1, "lineitem_total": "45.00"}}, {"model": "checkout.orderlineitem", "pk": 35, "fields": {"order": 30, "product": 11, "quantity": 1, "lineitem_total": "35.00"}}, {"model": "profiles.userprofile", "pk": 1, "fields": {"user": 2, "default_phone_number": "0894749048", "default_street_address1": "Ballykea", "default_street_address2": null, "default_town_or_city": "Skerries", "default_county": "Dublin", "default_postcode": "K34 FD85", "default_country": "IE"}}, {"model": "profiles.userprofile", "pk": 2, "fields": {"user": 1, "default_phone_number": null, "default_street_address1": null, "default_street_address2": null, "default_town_or_city": null, "default_county": null, "default_postcode": null, "default_country": null}}, {"model": "profiles.userprofile", "pk": 3, "fields": {"user": 3, "default_phone_number": null, "default_street_address1": null, "default_street_address2": null, "default_town_or_city": null, "default_county": null, "default_postcode": null, "default_country": null}}]